Country Name,Country Code,1980,1981,1982,1983,1984,1985,1986,1987,1988,1989,1990,1991,1992,1993,1994,1995,1996,1997,1998,1999,2000,2001,2002,2003,2004,2005,2006,2007,2008,2009,2010,2011,2012,2013,2014,2015,2016,2017,2018,2019,2020
Aruba,ABW,,,,,,,,,,,,,,,,,,,,,,,,,,,,,,,,,,,,,,,,,
Africa Eastern and Southern,AFE,,,,,,,,,,,,,,,,,,,,,,,,,,,,,,,,,,,,,,,,,
Afghanistan,AFG,,,,,,,,,,,,,,,,,,,,,,,,,,,,,,,,,,,,,,,,,
Africa Western and Central,AFW,,,,,,,,,,,,,,,,,,,,,,,,,,,,,,,,,,,,,,,,,
Angola,AGO,,,,,,,,,,,,,,,,,,,,,36.4,,,,,,,,34.4,,,,,,,,,,49.9,,
Albania,ALB,,,,,,,,,,,,,,,,,0.9,,,,,,1.6,,,0.9,,,0.3,,,,0.8,,1.6,1.1,0.9,1.3,,,
Andorra,AND,,,,,,,,,,,,,,,,,,,,,,,,,,,,,,,,,,,,,,,,,
Arab World,ARB,,,,,,,,,,,,,,,,,,,,,,,,,,,,,,,,,,,,,,,,,
United Arab Emirates,ARE,,,,,,,,,,,,,,,,,,,,,,,,,,,,,,,,,,0,,,,,0,,
Argentina,ARG,0.5,,,,,,1.2,1.4,,,,1.3,2.5,2.8,2.7,4.9,5.3,4.8,5.6,5.5,6.8,10.7,16.9,7.9,5.7,4.2,3.3,2.6,2.5,2.3,1.4,1.1,1.2,1,0.9,,1.1,0.9,1.4,1.5,
Armenia,ARM,,,,,,,,,,,,,,,,,,,,12.2,,14.4,10.5,7.9,5.5,2.7,2.1,1.6,0.9,1.3,1,1.2,0.9,1.8,1.5,1.3,1.2,0.9,1.4,1.1,
American Samoa,ASM,,,,,,,,,,,,,,,,,,,,,,,,,,,,,,,,,,,,,,,,,
Antigua and Barbuda,ATG,,,,,,,,,,,,,,,,,,,,,,,,,,,,,,,,,,,,,,,,,
Australia,AUS,,1,,,,1,,,,0.7,,,,,,1,,,,,,0.7,,1,0.5,,,,0.4,,0.3,,,,0.5,,,,,,
Austria,AUT,,,,,,,,0,,,,,,,0.2,1,,0.2,,,0.2,,,0.3,0.1,0.2,0.1,0.4,0.5,0.7,0.5,0.4,0.6,0.3,0.2,0.7,0.7,0.3,0.6,,
Azerbaijan,AZE,,,,,,,,,,,,,,,,7.1,,,,,,2.6,0,0,0,0,,,,,,,,,,,,,,,
Burundi,BDI,,,,,,,,,,,,,81.9,,,,,,84.7,,,,,,,,78.6,,,,,,,72.8,,,,,,,
Belgium,BEL,,,,,,0.2,,,0.5,,,,1,,,0.4,,0.5,,,0.3,,,0.3,0.1,0.2,0.2,0.2,0.1,0.1,0.1,0.2,0.2,0.1,0.1,0.1,0.1,0.1,0.1,,
Benin,BEN,,,,,,,,,,,,,,,,,,,,,,,,51.4,,,,,,,,53.2,,,,49.6,,,,,
Burkina Faso,BFA,,,,,,,,,,,,,,,83.2,,,,81.6,,,,,57.4,,,,,,55.4,,,,,43.8,,,,,,
Bangladesh,BGD,,,,38.8,,34.2,,,43.2,,,43.5,,,,35,,,,,34.2,,,,,25.1,,,,,19.2,,,,,,14.3,,,,
Bulgaria,BGR,,,,,,,,,,,,,,,,,,,,,,,,,,,5.6,1.8,1.2,1.3,2,2.4,2.2,1.8,1.6,3.4,1.9,1.4,0.9,,
Bahrain,BHR,,,,,,,,,,,,,,,,,,,,,,,,,,,,,,,,,,,,,,,,,
"Bahamas, The",BHS,,,,,,,,,,,,,,,,,,,,,,,,,,,,,,,,,,,,,,,,,
Bosnia and Herzegovina,BIH,,,,,,,,,,,,,,,,,,,,,,0.3,,,0.2,,,0.1,,,,0.1,,,,,,,,,
Belarus,BLR,,,,,,,,,,,,,,,,,,,11.8,10.6,7.3,3.2,2.1,1.4,0.3,0.4,0.1,0.1,0,0,0,0,0,0,0,0,0,0,0,0,
Belize,BLZ,,,,,,,,,,,,,,10.1,9.7,,13.3,16,14.2,13.9,,,,,,,,,,,,,,,,,,,,,
Bermuda,BMU,,,,,,,,,,,,,,,,,,,,,,,,,,,,,,,,,,,,,,,,,
Bolivia,BOL,,,,,,,,,,,,,15,,,,,19.3,,25.2,28.6,22.8,24.6,,13.6,19.2,16.1,12.4,11,10.3,,7.2,8.2,6.9,5.7,6.3,7.5,6.5,4.9,3.2,
Brazil,BRA,,21.3,21.7,27.4,26.7,23.1,10.5,17.7,20,18.2,21.5,,20.7,19.8,,12.9,14.1,14,12.7,13.3,,11.5,10.2,11,9.7,8.6,7.2,6.7,5.5,5.4,,4.7,3.7,3.1,2.7,3.2,3.9,4.4,4.4,4.6,
Barbados,BRB,,,,,,,,,,,,,,,,,,,,,,,,,,,,,,,,,,,,,,,,,
Brunei Darussalam,BRN,,,,,,,,,,,,,,,,,,,,,,,,,,,,,,,,,,,,,,,,,
Bhutan,BTN,,,,,,,,,,,,,,,,,,,,,,,,17.8,,,,8.2,,,,,2.2,,,,,1.5,,,
Botswana,BWA,,,,,,40.9,,,,,,,,33.3,,,,,,,,,28.2,,,,,,,17.2,,,,,,14.5,,,,,
Central African Republic,CAF,,,,,,,,,,,,,84.1,,,,,,,,,,,,,,,,65.9,,,,,,,,,,,,
Canada,CAN,,0.5,,,,,,0.2,,,,0.2,,,0.2,,,0.5,0.5,,0.2,,,,0.2,,,0.2,,,0.2,,0.2,0.5,0.2,0.2,0.2,0.2,,,
Central Europe and the Baltics,CEB,,,,,,,,,,,,,,,,,,,,,,,,,,,,,,,,,,,,,,,,,
Switzerland,CHE,,,0.7,,,,,,,,,,0.5,,,,,,,,0,,0,,,,0,0,0.1,0,0,0,0,0,0,0,0,0,0,,
Channel Islands,CHI,,,,,,,,,,,,,,,,,,,,,,,,,,,,,,,,,,,,,,,,,
Chile,CHL,,,,,,,,11.4,,,7.9,,4.6,,4.9,,3.4,,3.5,,4.3,,,4,,,1.5,,,1.3,,0.6,,0.4,,0.3,,0.3,,,
China,CHN,,,,,,,,,,,66.3,,,56.7,,,41.7,,,40.3,,,31.7,,,18.5,,,14.9,,11.2,7.9,6.5,1.9,1.4,0.7,0.5,,,,
Cote d'Ivoire,CIV,,,,,,7.6,3.5,7.4,11.9,,,,23.7,,,21.6,,,27,,,,24.4,,,,,,30.4,,,,,,,29.8,,,,,
Cameroon,CMR,,,,,,,,,,,,,,,,,51.2,,,,,26,,,,,,31.8,,,,,,,26,,,,,,
"Congo, Dem. Rep.",COD,,,,,,,,,,,,,,,,,,,,,,,,,94.3,,,,,,,,77.2,,,,,,,,
"Congo, Rep.",COG,,,,,,,,,,,,,,,,,,,,,,,,,,55.1,,,,,,39.6,,,,,,,,,
Colombia,COL,,,,,,,,,,,,,9,,,,16.7,,,20.4,16.8,20.1,13.2,12.1,11.2,9.8,,,10.4,9,7.8,6.3,6.2,5.6,5,4.6,4.5,4,4.2,4.9,
Comoros,COM,,,,,,,,,,,,,,,,,,,,,,,,,15,,,,,,,,,,19.1,,,,,,
Cabo Verde,CPV,,,,,,,,,,,,,,,,,,,,,,16.6,,,,,,8.4,,,,,,,,3.4,,,,,
Costa Rica,CRI,,25.2,,,,,13.5,,,12.3,10.2,11.8,9.7,8.1,6.8,7,8.1,6.6,5.1,6.6,6.7,4.9,4.6,4.6,4.4,3.2,3.2,1.8,2.3,2.4,1.6,1.7,1.7,1.6,1.5,1.5,1.3,1.1,1.5,1,
Caribbean small states,CSS,,,,,,,,,,,,,,,,,,,,,,,,,,,,,,,,,,,,,,,,,
Cuba,CUB,,,,,,,,,,,,,,,,,,,,,,,,,,,,,,,,,,,,,,,,,
Curacao,CUW,,,,,,,,,,,,,,,,,,,,,,,,,,,,,,,,,,,,,,,,,
Cayman Islands,CYM,,,,,,,,,,,,,,,,,,,,,,,,,,,,,,,,,,,,,,,,,
Cyprus,CYP,,,,,,,,,,,,,,,,,,,,,,,,,0.1,0,0,0,0,0.1,0,0,0,0.1,0.1,0,0,0,0,,
Czech Republic,CZE,,,,,,,,,,,,,0,0,,,0,,,,,,0,,0,0,0.1,0.1,0,0,0,0,0,0,0,0,0,0,0,,
Germany,DEU,,,,,,,,,,,,0,,,0.2,0.2,,,0,,0,0,0,0,0,0,0,0,0.2,0,0,0,0,0,0,0,0,,,,
Djibouti,DJI,,,,,,,,,,,,,,,,,,,,,,,20.2,,,,,,,,,,18.2,22.3,,,,17,,,
Dominica,DMA,,,,,,,,,,,,,,,,,,,,,,,,,,,,,,,,,,,,,,,,,
Denmark,DNK,,,,,,,,0.5,,,,,0.5,,,0,,,,,0,,,0.3,0.3,0.3,0.1,0,0.1,0.5,0.1,0,0,0.3,0.2,0.2,0.3,0.1,0.2,,
Dominican Republic,DOM,,,,,,,5.2,,,13.4,,,5.3,,,,4.9,5.2,,,5.5,3.9,5.6,6.7,8.5,5.7,4.4,4.4,3.7,3.2,2.5,2.9,2.6,2.2,2.1,1.8,1.6,0.7,0.4,0.6,
Algeria,DZA,,,,,,,,,6.3,,,,,,,5.6,,,,,,,,,,,,,,,,0.4,,,,,,,,,
East Asia & Pacific (excluding high income),EAP,,,,,,,,,,,,,,,,,,,,,,,,,,,,,,,,,,,,,,,,,
Early-demographic dividend,EAR,,,,,,,,,,,,,,,,,,,,,,,,,,,,,,,,,,,,,,,,,
East Asia & Pacific,EAS,,80.2,78,74.8,69.7,65.7,62.8,58.8,53.3,63.4,60.9,58.9,56.2,53.3,49.7,44.6,40.2,40.2,41.5,37.9,34.8,32.8,29.1,25.9,22.5,18.4,17.9,15.7,14.8,12.9,10.8,8.2,6.9,3.3,2.7,2.1,1.7,1.4,1.2,1,
Europe & Central Asia (excluding high income),ECA,,,,,,,,,,,,,,,,,,,,,,,,,,,,,,,,,,,,,,,,,
Europe & Central Asia,ECS,,,,,,,,,,,2.5,3,4.4,5.5,7.4,6.8,7,5.9,5.8,7.8,7.3,6.6,5.7,5.8,4.8,4.7,4,3.3,2.7,2.5,2.4,2,1.9,1.6,1.8,1.5,1.3,1.3,1.1,1,
Ecuador,ECU,,,,,,,,,,,,,,,17.3,,,,,21.9,28.4,,,14.9,15.1,11.8,8.2,8.5,7.5,7.3,5.7,4.7,4.5,3.2,2.6,3.5,3.6,3.2,3.3,3.6,
"Egypt, Arab Rep.",EGY,,,,,,,,,,,8.7,,,,,5.6,,,,2.4,,,,,5.2,,,,4.7,,2.2,,1.5,,,1.6,,3.8,,,
Euro area,EMU,,,,,,,,,,,,,,,,,,,,,,,,,,,,,,,,,,,,,,,,,
Eritrea,ERI,,,,,,,,,,,,,,,,,,,,,,,,,,,,,,,,,,,,,,,,,
Spain,ESP,0.5,,,,,0.2,,,,,0.5,,,,,1.2,,,,,0.5,,,0.8,0.8,0.8,0.8,0.4,0.5,0.8,0.7,1.1,0.9,1.2,0.8,0.9,1.2,0.7,0.9,,
Estonia,EST,,,,,,,,,,,,,,,,,,,,,,,,2.3,1,0.8,0.7,0.4,0.4,0.6,0.7,1,0.7,0.8,0.7,0.6,0.5,0.3,0.2,,
Ethiopia,ETH,,,,,,,,,,,,,,,,69,,,,57.8,,,,,38.5,,,,,,35.6,,,,,30.8,,,,,
European Union,EUU,,,,,,,,,,,,,,,,,,,,,,,,,,,,,,,,,,,,,,,,,
Fragile and conflict affected situations,FCS,,,,,,,,,,,,,,,,58.8,58,57.1,,55.9,,53.3,51.3,50.4,48.1,46.8,45.3,44.1,43.1,42.7,40.8,39.2,37.3,37,35.7,37.4,38.1,38.4,,,
Finland,FIN,,,,,,,,0,,,,0,,,,0,,,,,0,,,0,0,0.1,0.1,0.1,0.1,0.1,0,0,0.1,0.1,0.1,0.1,0,0.1,0.1,,
Fiji,FJI,,,,,,,,,,,,,,,,,,,,,,,2.3,,,,,,1.6,,,,,0.5,,,,,,,
France,FRA,,,,,1.5,,,,,1,,,,,0,,,,,,0,,,0.2,0,0,0,0,0,0,0.1,0,0.1,0.1,0,0.1,0.1,0,0,,
Faroe Islands,FRO,,,,,,,,,,,,,,,,,,,,,,,,,,,,,,,,,,,,,,,,,
"Micronesia, Fed. Sts.",FSM,,,,,,,,,,,,,,,,,,,,,,,,,,8.1,,,,,,,,15.4,,,,,,,
Gabon,GAB,,,,,,,,,,,,,,,,,,,,,,,,,,8,,,,,,,,,,,,3.4,,,
United Kingdom,GBR,,,,,,,0.7,,,,,0.2,,,0.2,1,,,,0.2,0.2,0.2,0.2,0.5,0.4,0.5,0.2,0.3,0.3,0.2,0.1,0.4,0.2,0.2,0.2,0.1,0.2,0.3,,,
Georgia,GEO,,,,,,,,,,,,,,,,,5.3,15.9,14.5,18.5,19.2,19,10.3,10.4,9.9,10.7,10.3,11.6,10.2,10.1,12,11.1,8.5,6.4,4.9,3.7,3.8,5,4.5,3.8,
Ghana,GHA,,,,,,,,40.5,40.3,,,47.9,,,,,,,34.2,,,,,,,23.4,,,,,,,11.2,,,,12.7,,,,
Gibraltar,GIB,,,,,,,,,,,,,,,,,,,,,,,,,,,,,,,,,,,,,,,,,
Guinea,GIN,,,,,,,,,,,,91.8,,,49.8,,,,,,,,63,,,,,58.4,,,,,36.1,,,,,,,,
"Gambia, The",GMB,,,,,,,,,,,,,,,,,,,70.8,,,,,46.1,,,,,,,25.4,,,,,10.3,,,,,
Guinea-Bissau,GNB,,,,,,,,,,,,44.3,,44.1,,,,,,,,,56.6,,,,,,,,68.4,,,,,,,,,,
Equatorial Guinea,GNQ,,,,,,,,,,,,,,,,,,,,,,,,,,,,,,,,,,,,,,,,,
Greece,GRC,,,,,,,,,,,,,,,,1.7,,,,,0.5,,,0.5,0.7,0.3,0.6,0.5,0.3,0.6,1,1.2,1.5,1,1.5,1.4,1.1,0.9,0.1,,
Grenada,GRD,,,,,,,,,,,,,,,,,,,,,,,,,,,,,,,,,,,,,,,,,
Greenland,GRL,,,,,,,,,,,,,,,,,,,,,,,,,,,,,,,,,,,,,,,,,
Guatemala,GTM,,,,,,,48.8,,,36.3,,,,,,,,,13.5,,9.3,,,,,,11.2,,,,,,,,8.8,,,,,,
Guam,GUM,,,,,,,,,,,,,,,,,,,,,,,,,,,,,,,,,,,,,,,,,
Guyana,GUY,,,,,,,,,,,,,28.9,,,,,,11.8,,,,,,,,,,,,,,,,,,,,,,
High income,HIC,,0.7,0.7,0.7,0.7,0.7,0.7,0.7,0.6,0.5,0.5,0.5,0.5,0.6,0.6,0.6,0.6,0.6,0.6,0.5,0.5,0.5,0.5,0.6,0.5,0.5,0.5,0.5,0.5,0.5,0.5,0.5,0.5,0.6,0.6,0.7,0.6,0.6,0.6,0.6,
"Hong Kong SAR, China",HKG,,,,,,,,,,,,,,,,,,,,,,,,,,,,,,,,,,,,,,,,,
Honduras,HND,,,,,,,,,,42.9,45,34.1,29.2,24.3,27,28.2,31.4,21.8,26.6,26.8,,21.9,23.9,28.5,27.7,27.1,23,17.6,16.9,14.2,15.6,16,19,16.4,15.2,14.9,16.1,15.4,15.8,14.8,
Heavily indebted poor countries (HIPC),HPC,,,,,,,,,,,,,,,,,,,,,,,,,,,,,,,,,,,,,,,,,
Croatia,HRV,,,,,,,,,,,,,,,,,,,,,,,,,,,,,,0.9,1.2,0.7,0.8,0.7,1,0.6,0.6,0.5,0.4,,
Haiti,HTI,,,,,,,,,,,,,,,,,,,,,,,,,,,,,,,,,24.5,,,,,,,,
Hungary,HUN,,,,,,,,,,,,,,,,,,,,,,,,,0.1,0.7,0.1,0.1,0,0.1,0.1,0.1,0.3,0.1,0.6,0.6,1.3,0.6,0.2,,
IBRD only,IBD,,,,,,,,,,,,,,,,,,,,,,,,,,,,,,,,,,,,,,,,,
IDA & IBRD total,IBT,,,,,,,,,,,,,,,,,,,,,,,,,,,,,,,,,,,,,,,,,
IDA total,IDA,,,,,,,,,,55.5,55.3,56.5,54.9,55.2,55,53.2,51.3,50.8,51.4,51.2,50.8,49.8,48.9,48.4,45.1,42.5,41.1,39.5,38.2,37.5,35.8,34.2,32.6,32.1,31,31,30.8,30.2,29.3,28.7,
IDA blend,IDB,,,,,,,,,,,,,,,,,,,,,,,,,,,,,,,,,,,,,,,,,
Indonesia,IDN,,,,,68.5,,,68.2,,,54.9,,,54.8,,,43.6,,63.2,37.4,34.9,31.2,19,19.3,21,18,23.9,19.3,19,15.5,13.3,10.9,9.5,7.3,6.2,5.8,5.2,4.5,3.6,2.7,
IDA only,IDX,,,,,,,,,,,,,,,,,,,,,,,,,,,,,,,,,,,,,,,,,
Isle of Man,IMN,,,,,,,,,,,,,,,,,,,,,,,,,,,,,,,,,,,,,,,,,
India,IND,,,,56.4,,,,50.6,,,,,,47.6,,,,,,,,,,,39.9,,,,,32.8,,22.5,,,,,,,,,
Not classified,INX,,,,,,,,,,,,,,,,,,,,,,,,,,,,,,,,,,,,,,,,,
Ireland,IRL,,,,,,,,0.7,,,,,,,0.2,0.2,0.2,,,,0.2,,0.2,0.1,0,0,0.4,0.1,0.2,0.4,0.5,0.5,0.2,0.7,0.4,0.3,0.1,0.2,,,
"Iran, Islamic Rep.",IRN,,,,,,,6.8,,,,6.2,,,,2.9,,,,2.9,,,,,,,0.6,0.6,,,1.1,,,,0.2,0.4,0.4,0.4,0.4,0.5,,
Iraq,IRQ,,,,,,,,,,,,,,,,,,,,,,,,,,,1.5,,,,,,1.7,,,,,,,,
Iceland,ISL,,,,,,,,,,,,,,,,,,,,,,,,0,0.2,0,0.1,0.1,0.1,0.1,0.1,0.1,0,0,0,0,0,0,,,
Israel,ISR,,,,,,,0.2,,,,,,0.2,,,,,0.2,,,,0.2,,,,0.5,,0.5,,,0.2,,0.5,,0.5,,0.2,,,,
Italy,ITA,,,,,,,0.2,1.2,,0,,0.2,,1.2,,0.7,,,1.7,,1.2,,,0.8,0.6,0.6,0.7,0.7,0.7,0.9,1.3,1.2,1.2,1.4,1.2,1.9,1.6,1.4,,,
Jamaica,JAM,,,,,,,,,6.1,,4.6,,,9.7,,,3.4,,,2.6,,,2.7,,1.7,,,,,,,,,,,,,,,,
Jordan,JOR,,,,,,,0,,,,,,2.7,,,,,1.5,,,,,1,,,,0.3,,0.1,,0.1,,,,,,,,,,
Japan,JPN,,,,,,,,,,,,,,,,,,,,,,,,,,,,,0.5,,0,,,0.7,,,,,,,
Kazakhstan,KAZ,,,,,,,,,,,,,,,,,5.9,,,,,9,5.7,3.8,1.8,5.9,0.5,0.2,0,0.1,0.1,0,0,0,0,0,0,0,0,,
Kenya,KEN,,,,,,,,,,,,,31.7,,31.7,,,32.2,,,,,,,,43.9,,,,,,,,,,37.1,,,,,
Kyrgyz Republic,KGZ,,,,,,,,,,,,,,,,,,,,,35.1,31.4,28.3,22.3,9.9,12.1,7.3,7.9,2.9,1.4,2.8,0.9,2.5,2.2,0.9,1.8,1,1.1,0.6,0.6,
Cambodia,KHM,,,,,,,,,,,,,,,,,,,,,,,,,,,,,,,,,,,,,,,,,
Kiribati,KIR,,,,,,,,,,,,,,,,,,,,,,,,,,,12.9,,,,,,,,,,,,,,
St. Kitts and Nevis,KNA,,,,,,,,,,,,,,,,,,,,,,,,,,,,,,,,,,,,,,,,,
"Korea, Rep.",KOR,,,,,,,,,,,,,,,,,,,,,,,,,,,0.2,,0.2,,0.5,,0.2,,0.2,,0.2,,,,
Kuwait,KWT,,,,,,,,,,,,,,,,,,,,,,,,,,,,,,,,,,,,,,,,,
Latin America & Caribbean (excluding high income),LAC,,,,,,,,,,,,,,,,,,,,,,,,,,,,,,,,,,,,,,,,,
Lao PDR,LAO,,,,,,,,,,,,,31.1,,,,,50.7,,,,,32.1,,,,,25.7,,,,,14.5,,,,,,10,,
Lebanon,LBN,,,,,,,,,,,,,,,,,,,,,,,,,,,,,,,,0,,,,,,,,,
Liberia,LBR,,,,,,,,,,,,,,,,,,,,,,,,,,,,71.4,,,,,,,41.7,,44.4,,,,
Libya,LBY,,,,,,,,,,,,,,,,,,,,,,,,,,,,,,,,,,,,,,,,,
St. Lucia,LCA,,,,,,,,,,,,,,,,34.7,,,,,,,,,,,,,,,,,,,,,4.6,,,,
Latin America & Caribbean,LCN,,13.7,14.4,17.1,16.9,15.7,11.3,13.9,14.9,14.4,15.5,14.6,14.6,14.5,13.5,13.6,15.3,14.5,13.7,13.9,12.7,12.5,11.9,11.4,10.4,9.8,8,7.5,7,6.6,6,5.6,4.6,4.1,3.9,3.7,3.8,3.8,3.7,3.7,
Least developed countries: UN classification,LDC,,,,,,,,,,,,,,,,,,,,,,,,,,,,,,,,,,,,,,,,,
Low income,LIC,,,,,,,,,,,,,,,,65.5,63.6,62.6,62.7,62,61.2,59.5,59.5,60,56.4,54.5,53.5,52.1,50.3,50.5,49.1,48.1,47.1,46.3,45.8,46.9,47.1,46.8,,,
Liechtenstein,LIE,,,,,,,,,,,,,,,,,,,,,,,,,,,,,,,,,,,,,,,,,
Sri Lanka,LKA,,,,,,14.1,,,,,9.3,,,,,9.5,,,,,,,8.8,,,,4.4,,,2.8,,,1.9,,,,0.9,,,,
Lower middle income,LMC,,51.5,51.6,50.5,49.8,48.6,48.2,47.9,46.3,46,44.6,44.6,43.5,43.3,42.6,41.1,39.4,39.5,40.5,38,,36.7,35.2,34.3,33,31.1,30.5,28.6,27.6,26.4,23.6,20.1,18.5,17.1,15.6,,13.2,12.2,12.8,,
Low & middle income,LMY,,53.7,53.1,51.8,49.6,47.5,45.8,44.3,41.8,45.6,44.6,44.3,43,41.9,40.5,38.1,36.1,35.9,36.2,34.9,33.6,32.5,30.9,29.7,27.5,25.1,24.3,22.9,22,21.1,19.1,16.6,15.4,13.5,12.7,12.1,11.5,11,,,
Lesotho,LSO,,,,,,,49.6,,,,,,,,50.5,,,,,,,,61.9,,,,,,,,,,,,,,,27.2,,,
Late-demographic dividend,LTE,,,,,,,,,,,,,,,,,,,,,,,,,,,,,,,,,,,,,,,,,
Lithuania,LTU,,,,,,,,,,,,,,,,,,,,,,,,,2.7,1.8,1.5,1.3,1.4,2.2,1.5,0.7,0.9,0.7,1.3,0.7,1.3,1,0.9,,
Luxembourg,LUX,,,,,,0,,,,,,0,,,0,,,0,,,0,,,0.1,0,0,0,0,0,0,0,0.1,0,0.1,0.1,0.3,0.1,0.3,0.3,,
Latvia,LVA,,,,,,,,,,,,,,,,,,,,,,,,,2.4,2.3,1.5,0.6,1.2,1.7,1.6,1,1,1.1,0.8,0.6,0.6,0.8,0.3,,
"Macao SAR, China",MAC,,,,,,,,,,,,,,,,,,,,,,,,,,,,,,,,,,,,,,,,,
St. Martin (French part),MAF,,,,,,,,,,,,,,,,,,,,,,,,,,,,,,,,,,,,,,,,,
Morocco,MAR,,,,,10.6,,,,,,2.9,,,,,,,,6.4,,5.8,,,,,,3,,,,,,,0.9,,,,,,,
Monaco,MCO,,,,,,,,,,,,,,,,,,,,,,,,,,,,,,,,,,,,,,,,,
Moldova,MDA,,,,,,,,,,,,,,,,,,15.4,26.9,38,35.1,26.9,16.1,7.4,8.4,13.2,2.4,1.1,1.2,1,0.5,0.3,0.3,0.1,0,0,0.2,0.1,0,,
Madagascar,MDG,45.8,,,,,,,,,,,,,69.9,,,,66.4,,63.9,,68.4,,,,71.7,,,,,78.2,,78.8,,,,,,,,
Maldives,MDV,,,,,,,,,,,,,,,,,,,,,,,4.6,,,,,,,3.5,,,,,,,0,,,,
Middle East & North Africa,MEA,,,,,,8.6,8.4,8.3,8.1,7.8,6.5,10.2,8.1,6.7,6.3,6.4,6,5.2,4.1,3.7,3.5,3.3,3.4,4.4,3.4,3.1,2.9,2.9,2.8,2.4,2,2.3,2.2,2.1,2.5,4.3,5.2,6.3,7,,
Mexico,MEX,,,,,8.3,,,,,9.1,,,7.4,,7.5,,18.1,,12.9,,9,,6.6,,6,6.6,4.2,,5.4,,4.5,,3.8,,3.7,,2.2,,1.7,,
Marshall Islands,MHL,,,,,,,,,,,,,,,,,,,,,,,,,,,,,,,,,,,,,,,,,
Middle income,MIC,,,,,,,,,,,,,,,,,,,,,,,,,,,,,,,,,,,,,,,,,
North Macedonia,MKD,,,,,,,,,,,,,,,,,,,,,,,,,,,,,,9.8,10.4,9.1,6.9,5.2,4.5,5.5,4.3,4.6,3.4,,
Mali,MLI,,,,,,,,,,,,,,,85.3,,,,,,,58.8,,,,,52.1,,,50.3,,,,,,,,,,,
Malta,MLT,,,,,,,,,,,,,,,,,,,,,,,,,,,0.4,0.4,0.1,0.4,0.2,0.2,0.1,0,0,0.1,0.1,0.2,0.1,,
Myanmar,MMR,,,,,,,,,,,,,,,,,,,,,,,,,,,,,,,,,,,,4.8,,1.4,,,
Middle East & North Africa (excluding high income),MNA,,,,,,,,,,,,,,,,,,,,,,,,,,,,,,,,,,,,,,,,,
Montenegro,MNE,,,,,,,,,,,,,,,,,,,,,,,,,,,,,,,,,3.4,3.2,1.7,1.4,2.5,,,,
Mongolia,MNG,,,,,,,,,,,,,,,,12.1,,,24.4,,,,9.5,,,,,1.2,,,0.7,0.5,0.4,,0.2,,0.5,,0.5,,
Northern Mariana Islands,MNP,,,,,,,,,,,,,,,,,,,,,,,,,,,,,,,,,,,,,,,,,
Mozambique,MOZ,,,,,,,,,,,,,,,,,82,,,,,,79.8,,,,,,69.7,,,,,,63.7,,,,,,
Mauritania,MRT,,,,,,,,40,,,,,,41.1,,20.6,,,,,20.4,,,,16.9,,,,10.9,,,,,,6,,,,,,
Mauritius,MUS,,,,,,,,,,,,,,,,,,,,,,,,,,,0.4,,,,,,0.6,,,,,0.2,,,
Malawi,MWI,,,,,,,,,,,,,,,,,,62.4,,,,,,,72.5,,,,,,71.1,,,,,,69.2,,,,
Malaysia,MYS,,,,,2.9,,,2.1,,1.6,,,1.3,,,1.8,,0.4,,,,,,1.2,,,0.6,,0.6,,,0.1,,0,,0,,,,,
North America,NAC,,,,,,,,,,,,,,,,,,,,,,,,,,,,,,,,,,,,,,,,,
Namibia,NAM,,,,,,,,,,,,,,,,,,,,,,,,32.6,,,,,,23.5,,,,,,13.8,,,,,
New Caledonia,NCL,,,,,,,,,,,,,,,,,,,,,,,,,,,,,,,,,,,,,,,,,
Niger,NER,,,,,,,,,,,,,78.5,,81.6,,,,,,,,,,,75.3,,72.4,,,,50.6,,,45.4,,,,,,
Nigeria,NGA,,,,,,55.5,,,,,,,58.6,,,,64.9,,,,,,,55.9,,,,,,56.4,,,,,,,,,39.1,,
Nicaragua,NIC,,,,,,,,,,,,,,36.7,,,,,24.5,,,16.9,,,,8.5,,,,7.4,,,,,3.4,,,,,,
Netherlands,NLD,,,,0.5,,,,0.2,,,1,,,1,,,,,,0.2,,,,,0.2,0.1,0,0,0.1,0.1,0,0.1,0.1,0.1,0.1,0.1,0,0.2,0.1,,
Norway,NOR,,,,,,,0.2,,,,,0.2,,,,0.2,,,,,0.2,,,0.2,0.3,0.2,0.1,0.1,0.2,0.1,0.2,0.1,0.1,0.1,0.1,0.1,0.3,0.3,0.3,,
Nepal,NPL,,,,,,,,,,,,,,,,66,,,,,,,,49.9,,,,,,,15,,,,,,,,,,
Nauru,NRU,,,,,,,,,,,,,,,,,,,,,,,,,,,,,,,,,0.9,,,,,,,,
New Zealand,NZL,,,,,,,,,,,,,,,,,,,,,,,,,,,,,,,,,,,,,,,,,
OECD members,OED,,,,,,,,,,,,,,,,,,,,,,,,,,,,,,,,,,,,,,,,,
Oman,OMN,,,,,,,,,,,,,,,,,,,,,,,,,,,,,,,,,,,,,,,,,
Other small states,OSS,,,,,,,,,,,,,,,,,,,,,,,,,,,,,,,,,,,,,,,,,
Pakistan,PAK,,,,,,,,64.1,,,60.6,,,,,,18.3,,25.4,,,31,,,19.9,18.7,,15,,,8.3,8,,6.2,,4,,,4.4,,
Panama,PAN,,,,,,,,,,23.9,,21.9,,,,16.3,,15,15.2,13.4,12.3,15.4,11.1,11.1,10.1,9.9,10.5,7.8,5.2,3.2,4.5,3,4.1,2.8,3.5,2,2.2,2.5,1.7,1.2,
Peru,PER,,,,,,,,,,,,,,,,,,17.3,16.4,17,16.4,17.4,15.2,12,13.6,15.5,13.5,11.1,9.1,7.1,5.5,5.2,4.8,4.4,3.7,3.6,3.5,3.4,2.7,2.2,
Philippines,PHL,,,,,,,,,,,,,,,,,,,,,13.7,,,13,,,14.4,,,10.7,,,10.4,,,6.1,,,2.7,,
Palau,PLW,,,,,,,,,,,,,,,,,,,,,,,,,,,,,,,,,,,,,,,,,
Papua New Guinea,PNG,,,,,,,,,,,,,,,,,50.9,,,,,,,,,,,,,38,,,,,,,,,,,
Poland,POL,,,,,,,,,,,,,,,,,,,,,,,,,2.1,0.9,0.6,0.4,0.2,0.3,0.3,0.3,0.2,0.4,0.3,0.4,0.2,0.3,0.2,,
Pre-demographic dividend,PRE,,,,,,,,,,,,,,,,,,,,,,,,,,,,,,,,,,,,,,,,,
Puerto Rico,PRI,,,,,,,,,,,,,,,,,,,,,,,,,,,,,,,,,,,,,,,,,
"Korea, Dem. People's Rep.",PRK,,,,,,,,,,,,,,,,,,,,,,,,,,,,,,,,,,,,,,,,,
Portugal,PRT,,,,,,,,,,,,,,,,,,,,,,,,0.9,0.5,0.5,0.1,0.3,0.1,0.2,0.1,0.5,0.7,0.8,0.5,0.5,0.4,0.4,0.3,,
Paraguay,PRY,,,,,,,,,,,1,,,,,11.9,,10.4,,9.9,,8.6,12.8,7.8,5.4,5.8,7.6,7.4,3.9,5.4,5.2,4.6,3.2,1.7,2.2,1.7,1.5,0.9,1.3,0.9,
West Bank and Gaza,PSE,,,,,,,,,,,,,,,,,,,,,,,,,0.8,0.7,0.3,1.5,,0.3,0.2,0.2,,,,,0.8,,,,
Pacific island small states,PSS,,,,,,,,,,,,,,,,,,,,,,,,,,,,,,,,,,,,,,,,,
Post-demographic dividend,PST,,,,,,,,,,,,,,,,,,,,,,,,,,,,,,,,,,,,,,,,,
French Polynesia,PYF,,,,,,,,,,,,,,,,,,,,,,,,,,,,,,,,,,,,,,,,,
Qatar,QAT,,,,,,,,,,,,,,,,,,,,,,,,,,,,,,,,,,,,,,,,,
Romania,ROU,,,,,,,,,,,,,,,,,,,,,,,,,,,6.6,4.9,3.7,2.8,3.8,4.9,5.6,6,6.5,4.6,2.8,3.1,2.4,,
Russian Federation,RUS,,,,,,,,,,,,,,3.7,,,4.8,1.6,2.4,4.5,3.1,1.8,1.1,1.1,1,0.8,0.5,0.2,0.1,0.1,0.1,0,0,0,0,0,0,0,0,,
Rwanda,RWA,,,,,,,,,,,,,,,,,,,,,78,,,,,69.1,,,,,63.2,,,57.9,,,56.5,,,,
South Asia,SAS,,58,58,56.2,55.3,53.4,52.7,52.2,50,49.9,49.1,49.2,47,46.4,45.3,43.6,41.8,,,,,,40,39.1,37.6,35.1,33.9,32,30.7,29.6,26,20.9,19.2,17.1,15.2,,,,,,
Saudi Arabia,SAU,,,,,,,,,,,,,,,,,,,,,,,,,,,,,,,,,,,,,,,,,
Sudan,SDN,,,,,,,,,,,,,,,,,,,,,,,,,,,,,,15.7,,,,,12.2,,,,,,
Senegal,SEN,,,,,,,,,,,,68.4,,,57.4,,,,,,,49.5,,,,38.3,,,,,,38.5,,,,,,,,,
Singapore,SGP,,,,,,,,,,,,,,,,,,,,,,,,,,,,,,,,,,,,,,,,,
Solomon Islands,SLB,,,,,,,,,,,,,,,,,,,,,,,,,,48.6,,,,,,,24.7,,,,,,,,
Sierra Leone,SLE,,,,,,,,,,72.9,,,,,,,,,,,,,,73,,,,,,,,54.7,,,,,,,43,,
El Salvador,SLV,,,,,,,,,,18.2,,20.9,,,,12.7,14.5,,20.3,16.5,12.4,13.6,14.1,15.1,11,10.6,7.1,4.7,7,6.8,5.7,4.7,4.2,3.4,3.1,2,2.3,1.9,1.5,1.3,
San Marino,SMR,,,,,,,,,,,,,,,,,,,,,,,,,,,,,,,,,,,,,,,,,
Somalia,SOM,,,,,,,,,,,,,,,,,,,,,,,,,,,,,,,,,,,,,,68.6,,,
Serbia,SRB,,,,,,,,,,,,,,,,,,,,,,,,,,,,,,,,,5.3,5.8,6.9,6.6,6.4,5.4,,,
Sub-Saharan Africa (excluding high income),SSA,,,,,,,,,,,,,,,,,,,,,,,,,,,,,,,,,,,,,,,,,
South Sudan,SSD,,,,,,,,,,,,,,,,,,,,,,,,,,,,,,44.7,,,,,,,76.4,,,,
Sub-Saharan Africa,SSF,,,,,,,,,,,55.1,56.9,58.9,60.1,60.8,60.5,59.2,58.7,58.9,58.7,58.4,57.2,55.9,55.8,53.3,51.9,50.8,49.9,48.8,48.9,47.5,45.5,43.9,43.5,42.3,42,41.9,41.2,40.4,,
Small states,SST,,,,,,,,,,,,,,,,,,,,,,,,,,,,,,,,,,,,,,,,,
Sao Tome and Principe,STP,,,,,,,,,,,,,,,,,,,,,31.4,,,,,,,,,,34.6,,,,,,,35.6,,,
Suriname,SUR,,,,,,,,,,,,,,,,,,,,21.1,,,,,,,,,,,,,,,,,,,,,
Slovak Republic,SVK,,,,,,,,,,,,,,,,,,,,,,,,,0.1,0.2,0.2,0.3,0.4,0.4,0.5,0.4,0.3,0.3,0.6,0.7,1.3,,0.2,,
Slovenia,SVN,,,,,,,,,,,,,,,,,,,,,,,,,0,0.1,0.1,0,0,0,0,0,0,0,0,0,0,0,0,,
Sweden,SWE,,0.2,,,,,,0.2,,,,,0.2,,,0.2,,,,,0,,,0.3,0.4,1,0.3,0.4,0.6,0.4,0.5,0.5,0.5,0.6,0.5,0.4,0.3,0.2,0.7,,
Eswatini,SWZ,,,,,,,,,,,,,,,82.1,,,,,,48.9,,,,,,,,,43,,,,,,,29.2,,,,
Sint Maarten (Dutch part),SXM,,,,,,,,,,,,,,,,,,,,,,,,,,,,,,,,,,,,,,,,,
Seychelles,SYC,,,,,,,,,,,,,,,,,,,,,,,,,,,,,,,,,,1.2,,,,,0.5,,
Syrian Arab Republic,SYR,,,,,,,,,,,,,,,,,2.1,,,,,,,0.9,,,,,,,,,,,,,,,,,
Turks and Caicos Islands,TCA,,,,,,,,,,,,,,,,,,,,,,,,,,,,,,,,,,,,,,,,,
Chad,TCD,,,,,,,,,,,,,,,,,,,,,,,,60,,,,,,,,38.1,,,,,,,,,
East Asia & Pacific (IDA & IBRD countries),TEA,,,,,,,,,,,,,,,,,,,,,,,,,,,,,,,,,,,,,,,,,
Europe & Central Asia (IDA & IBRD countries),TEC,,,,,,,,,,,,,,,,,,,,,,,,,,,,,,,,,,,,,,,,,
Togo,TGO,,,,,,,,,,,,,,,,,,,,,,,,,,,56.5,,,,,55,,,,51.1,,,,,
Thailand,THA,,19.3,,,,,,,14,,9.2,,6.6,,3.1,,2.2,,1.5,2.5,2.4,,1.1,,0.7,,0.7,0.3,0.1,0.2,0.1,0,0.1,0,0,0,0,0,0,0.1,
Tajikistan,TJK,,,,,,,,,,,,,,,,,,,,50.7,,,,27,13.3,,,9.2,,4,,,,,,4.1,,,,,
Turkmenistan,TKM,,,,,,,,,,,,,,,,,,,49.8,,,,,,,,,,,,,,,,,,,,,,
Latin America & the Caribbean (IDA & IBRD countries),TLA,,,,,,,,,,,,,,,,,,,,,,,,,,,,,,,,,,,,,,,,,
Timor-Leste,TLS,,,,,,,,,,,,,,,,,,,,,,38.5,,,,,,37.4,,,,,,,22,,,,,,
Middle East & North Africa (IDA & IBRD countries),TMN,,,,,,,,,,,,,,,,,,,,,,,,,,,,,,,,,,,,,,,,,
Tonga,TON,,,,,,,,,,,,,,,,,,,,,2.5,,,,,,,,,1.1,,,,,,1,,,,,
South Asia (IDA & IBRD),TSA,,,,,,,,,,,,,,,,,,,,,,,,,,,,,,,,,,,,,,,,,
Sub-Saharan Africa (IDA & IBRD countries),TSS,,,,,,,,,,,,,,,,,,,,,,,,,,,,,,,,,,,,,,,,,
Trinidad and Tobago,TTO,,,,,,,,,0.4,,,,3.2,,,,,,,,,,,,,,,,,,,,,,,,,,,,
Tunisia,TUN,,,,,,15.1,,,,,10.7,,,,,11.8,,,,,6,,,,,3.4,,,,,2,,,,,0.2,,,,,
Turkey,TUR,,,,,,,,2.2,,,,,,,3,,,,,,,,2.1,3.9,2,2.3,1.8,1.3,0.6,0.7,0.8,0.1,0.1,0.3,0.2,0.2,0.2,0.1,0,0.4,
Tuvalu,TUV,,,,,,,,,,,,,,,,,,,,,,,,,,,,,,,3.3,,,,,,,,,,
Tanzania,TZA,,,,,,,,,,,,72.3,,,,,,,,,86.2,,,,,,,60.3,,,,49.6,,,,,,49.4,,,
Uganda,UGA,,,,,,,,,,58.3,,,64.4,,,,63.4,,,67.5,,,65.6,,,57,,,,45.3,,,35.7,,,,41.3,,,,
Ukraine,UKR,,,,,,,,,,,,,2.7,1.1,,4.8,5,,,,,,1.5,0.6,0.5,0.2,0.1,0.1,0,0.1,0,0,0,0,0,0,0,0,0,0,
Upper middle income,UMC,,55.4,53.9,52.3,48.3,44.7,41.4,38.9,34.9,43.3,42.4,41.4,39.4,37.3,34.9,31.3,28.8,28.2,27.7,27.6,25,23.6,21.7,19.5,16.4,13.4,12.1,11,10.3,9.2,8,6,5.1,2.3,2.1,1.7,1.5,1.5,1.4,1.4,
Uruguay,URY,,,,,,,,,,,,,0.5,,,0.4,0.5,0.5,0.6,,0.5,0.4,0.5,0.7,0.8,0.7,0.5,0.3,0.2,0.2,0.2,0.1,0.2,0.2,0.1,0.1,0.1,0.1,0.1,0.1,
United States,USA,,,,,,,0.5,,,,,0.5,0.5,0.5,0.5,0.5,0.5,0.7,0.7,0.7,0.7,0.7,0.7,1,1,1,1,1,1,1,1,1,1,1,1.2,1.2,1,1.2,1,,
Uzbekistan,UZB,,,,,,,,,,,,,,,,,,,39.9,,61.5,,57.5,61.6,,,,,,,,,,,,,,,,,
St. Vincent and the Grenadines,VCT,,,,,,,,,,,,,,,,,,,,,,,,,,,,,,,,,,,,,,,,,
"Venezuela, RB",VEN,,6,,,,,,6.3,,5,,,4.3,,,9.4,,,9.8,11.1,,9.3,15.5,18.8,15.8,13.9,6.7,,,,,,,,,,,,,,
British Virgin Islands,VGB,,,,,,,,,,,,,,,,,,,,,,,,,,,,,,,,,,,,,,,,,
Virgin Islands (U.S.),VIR,,,,,,,,,,,,,,,,,,,,,,,,,,,,,,,,,,,,,,,,,
Vietnam,VNM,,,,,,,,,,,,,52.3,,,,,31.4,,,,,37,,25.8,,18.8,,14.1,,4,,2.7,,2.6,,1.8,,1.8,,
Vanuatu,VUT,,,,,,,,,,,,,,,,,,,,,,,,,,,,,,,13.2,,,,,,,,,,
World,WLD,,42.7,42.3,41.4,39.8,38.2,36.8,35.8,33.8,36.9,36.2,36,35.1,34.3,33.2,31.3,29.7,29.6,29.9,28.8,27.8,26.9,25.7,24.7,22.9,21,20.3,19.1,18.4,17.6,16,13.9,12.9,11.4,10.7,10.1,9.7,9.3,,,
Samoa,WSM,,,,,,,,,,,,,,,,,,,,,,,2,,,,,,0.6,,,,,1.1,,,,,,,
Kosovo,XKX,,,,,,,,,,,,,,,,,,,,,,,,1.9,,3.5,3.6,,,3.2,2.5,1.7,0.6,0.3,1,0.7,0.8,0.4,,,
"Yemen, Rep.",YEM,,,,,,,,,,,,,,,,,,,7,,,,,,,9.4,,,,,,,,,18.3,,,,,,
South Africa,ZAF,,,,,,,,,,,,,,31.5,,,36.3,,,,34.8,,,,,25.7,,,16.7,,16.2,,,,18.7,,,,,,
Zambia,ZMB,,,,,,,,,,,,55.2,,56.2,,,43.6,,43.8,,,,52.1,,58.4,,62.1,,,,65.8,,,,,58.7,,,,,
Zimbabwe,ZWE,,,,,,,,,,,,,,,,,,,,,,,,,,,,,,,,21.4,,,,,,33.9,,39.5,